molecule_name,state,eh_distance,predicted_eh_distance,max_positive_charge,max_negative_charge,total_positive_charge,total_negative_charge,predicted_max_positive_charge,predicted_max_negative_charge,predicted_total_positive_charge,predicted_total_negative_charge
TORXII,T4,1.2989922115404025,1.1487244362317337,0.51481134,0.3414221,1.0,0.0,0.4392,0.2957,1.011,-0.0061
TORXII,T2,0.5136071542081728,0.3792527027941662,0.5253235,0.5290452,0.99999994,0.0,0.512,0.5317,1.005,-0.005848
TORXII,S3,1.9692379871577137,0.2026247408520926,0.48392335,0.29900578,1.0,0.0,0.4353,0.6924,1.002,-0.02158
TORXII,S1,0.6185409549521064,0.6238778179542013,0.52312654,0.75717145,1.0000001,0.0,0.548,0.761,1.012,-0.0059
TORXII,T3,0.3756259624721633,0.5363521776954059,0.48574772,0.7359252,0.9999999,0.0,0.4927,0.721,0.9985,-0.04346
TORXII,S2,0.3668459262298125,1.515940424395904,0.45566595,0.69000804,1.0,0.0,0.478,0.3564,1.011,-0.012436
TORXII,T1,0.6069333586826199,0.6221638715546287,0.5221617,0.75200206,1.0,0.0,0.552,0.7715,1.03,-0.02333
TORXII,S4,3.0041087833853064,2.162703087824635,0.49667045,0.28504053,1.0,0.0,0.474,0.236,1.023,-0.02834
ZUVPUE,T4,0.2956381492696868,0.3866989568561119,0.13282329,0.112716675,0.99999994,0.0,0.144,0.1353,1.003,-0.003063
ZUVPUE,T2,1.223852826314468,1.1852330571234986,0.3844668,0.6779384,1.0,0.0,0.3677,0.6816,1.011,-0.000615
ZUVPUE,S3,1.3936068781996014,0.8707959464324266,0.23150049,0.13021396,1.0000001,0.0,0.1543,0.1083,1.003,-0.001875
ZUVPUE,S1,1.33800918533685,1.3438597675057211,0.34768033,0.6378247,1.0000001,0.0,0.3088,0.595,1.002,-0.000779
ZUVPUE,T3,0.6836349453947786,0.5385040992609267,0.14595975,0.20274356,1.0000001,0.0,0.1666,0.2164,1.004,-0.002115
ZUVPUE,S2,1.5650868765169574,1.3468194587497229,0.25337622,0.185249,1.0,0.0,0.2345,0.1764,1.003,-0.001877
ZUVPUE,T1,0.4848227355952597,0.5343238080480851,0.2738113,0.23508209,1.0,0.0,0.275,0.2407,1.007,-0.001329
ZUVPUE,S4,0.5830538516753081,1.1403016592024169,0.14769529,0.13069905,1.0,0.0,0.1543,0.1243,1.003,-0.004242
YOLGIS,T4,0.0980162066738831,0.0335594533614254,0.2428011,0.25087547,0.99999994,0.0,0.2388,0.2673,1.012,-0.0073
YOLGIS,T2,0.0154144705593604,0.157652309923187,0.15573041,0.14194046,1.0,0.0,0.1558,0.1787,1.001,0.0
YOLGIS,S3,0.7805923476944565,0.7971988936331087,0.27976227,0.64236253,1.0000001,0.0,0.2487,0.6626,1.002,-0.005432
YOLGIS,S1,0.4667249890878051,0.3212434272929588,0.2659253,0.2032451,1.0,0.0,0.2493,0.1847,1.001,-0.0001005
YOLGIS,T3,0.4708786122862327,0.2441880957421309,0.28811848,0.2478663,1.0000001,0.0,0.2607,0.2465,1.003,-0.000407
YOLGIS,S2,0.0686340783425425,0.0603147114224489,0.1965251,0.16939229,1.0000001,0.0,0.1711,0.151,1.006,-0.004574
YOLGIS,T1,0.0781058601347787,0.1214895163407589,0.20561355,0.20098697,1.0,0.0,0.1459,0.1244,1.005,-1.06e-05
YOLGIS,S4,0.4445262664735752,0.5591740708036949,0.1809397,0.21359688,1.0,0.0,0.1903,0.372,1.005,-0.00442
SOJDEA,T4,0.5652360230632565,0.2410566182899653,0.38073608,0.35386446,0.9999999,0.0,0.3877,0.5967,1.0,0.0
SOJDEA,T2,0.3916746792652931,0.3404904899285303,0.38717005,0.5278436,1.0000001,0.0,0.406,0.5215,1.002,-0.00229
SOJDEA,S3,1.15481555539405,0.2995125304006893,0.26873094,0.3702466,1.0000001,0.0,0.2056,0.361,0.9995,0.0
SOJDEA,S1,0.4450057765718238,0.2132644215262662,0.38564956,0.5448344,1.0,0.0,0.4158,0.524,1.006,-0.0005217
SOJDEA,T3,0.2781564710239194,0.197647024886115,0.5629076,0.7604581,0.99999994,0.0,0.4014,0.5522,1.001,0.0
SOJDEA,S2,0.2950367030612662,0.2791518525929664,0.5610302,0.7264889,0.9999999,0.0,0.4673,0.73,1.002,-0.0005555
SOJDEA,T1,0.2162163328120357,0.2448006048500059,0.38199663,0.4633239,1.0,0.0,0.3845,0.4973,1.002,0.0
SOJDEA,S4,0.5412839628996646,0.3734067035459862,0.33422703,0.48983088,1.0,0.0,0.2625,0.4165,1.0,-0.00169
RUKPET01,T4,1.403522527291739e-05,0.0211212821816301,0.11527072,0.09683454,1.0,0.0,0.1207,0.1082,1.001,-0.002626
RUKPET01,T2,7.058411982172769e-08,0.012082531988273,0.11729506,0.11626907,0.9999999,0.0,0.1151,0.1119,1.002,-0.0034
RUKPET01,S3,2.6528850642934025e-05,0.0102665097421797,0.09520332,0.08690955,1.0,0.0,0.1024,0.1299,1.001,-0.001539
RUKPET01,S1,3.172002501985908e-05,0.0014154159731821,0.16987251,0.14640689,1.0,0.0,0.1613,0.1442,0.9995,-4.536e-05
RUKPET01,T3,3.1623775138518915e-05,0.0369530758364471,0.12476488,0.09967083,0.99999994,0.0,0.1635,0.11786,1.002,-0.002762
RUKPET01,S2,2.6820178289434564e-05,0.0051030339727824,0.10355214,0.09617674,1.0,0.0,0.1013,0.0928,1.003,-0.010605
RUKPET01,T1,1.0781337381160862e-06,0.0039232607731252,0.21642253,0.21422999,1.0,0.0,0.2174,0.2102,1.002,-0.003103
RUKPET01,S4,5.170288700059306e-07,0.0181443481445715,0.16086227,0.13023117,1.0,0.0,0.1611,0.0933,1.001,-0.006607
YEXNIZ,T4,0.2545933146561335,0.3520668888381827,0.16550025,0.18631545,1.0000001,0.0,0.149,0.1946,1.001,-0.000936
YEXNIZ,T2,0.3292642013384916,0.2087959176596313,0.30990624,0.27874023,0.9999999,0.0,0.2751,0.2634,1.002,-0.000371
YEXNIZ,S3,0.7288313177501463,0.6616682003880867,0.16067207,0.1922992,1.0000001,0.0,0.2277,0.512,0.9995,-0.001136
YEXNIZ,S1,1.324373364917904,0.798383668825307,0.25209975,0.24550258,1.0,0.0,0.153,0.2389,1.002,-6.175e-05
YEXNIZ,T3,0.5347814583943726,0.4853018436092423,0.19037077,0.19496515,0.9999999,0.0,0.2124,0.1919,1.003,-0.001447
YEXNIZ,S2,0.7081706199162631,0.7663672265033522,0.14849919,0.1540049,1.0000001,0.0,0.182,0.1445,1.001,-0.0004876
YEXNIZ,T1,0.5002200941363366,0.4285461951574888,0.21389519,0.2439415,1.0,0.0,0.2275,0.2488,1.004,-0.0004568
YEXNIZ,S4,0.9438467020403184,0.6327180862260406,0.2856528,0.61816216,1.0,0.0,0.2413,0.511,1.002,-0.00679
EHABUL,T4,0.2848197953960415,0.2714052292140039,0.32056704,0.3064707,1.0,0.0,0.4114,0.2744,1.011,-0.02605
EHABUL,T2,0.6421679030401503,0.4976986550958434,0.48797426,0.4724104,0.99999994,0.0,0.455,0.4592,1.008,-0.00646
EHABUL,S3,1.0360149943208987,0.7792097093568148,0.28946918,0.5801735,0.9999999,0.0,0.3643,0.5693,1.0,-0.006107
EHABUL,S1,0.6392641137598263,0.6633683592746255,0.48452675,0.7185094,0.99999994,0.0,0.45,0.6934,1.002,-0.003878
EHABUL,T3,0.6746921376881144,0.6527750517994606,0.26219878,0.45916066,0.99999994,0.0,0.4492,0.578,1.006,-0.002598
EHABUL,S2,0.7958416666022918,0.5655060410198578,0.373876,0.5169043,0.99999976,0.0,0.374,0.5137,1.003,-0.010315
EHABUL,T1,0.6267530154293401,0.494020614994539,0.48534346,0.71316266,1.0,0.0,0.4885,0.69,1.021,-0.008446
EHABUL,S4,1.5226905928085106,0.8859538288734631,0.1862632,0.53353906,1.0,0.0,0.2393,0.324,1.011,-0.02116
CACZAJ,T4,0.0555418095438269,0.1953715024239693,0.21117932,0.20484678,1.0,0.0,0.2007,0.2081,1.002,-0.005516
CACZAJ,T2,0.3718482634985484,0.0684929835597392,0.13331397,0.1866134,1.0,0.0,0.1332,0.1805,1.001,-0.002115
CACZAJ,S3,1.293438249772477,0.787744160429184,0.3357486,0.75603974,1.0,0.0,0.3452,0.686,1.001,-0.0014925
CACZAJ,S1,0.2765550025691867,0.2535094569603037,0.19616918,0.14814815,0.99999994,0.0,0.2058,0.1732,0.9995,-0.001072
CACZAJ,T3,0.2187760069723483,0.1985636306862865,0.20044859,0.17454691,1.0,0.0,0.1559,0.1326,1.0,-0.000737
CACZAJ,S2,0.6090343137452173,0.1951473811098928,0.13929021,0.13720755,1.0,0.0,0.107,0.1235,1.007,-0.00902
CACZAJ,T1,0.3348892371472757,0.2684067314493495,0.15476714,0.22187515,1.0,0.0,0.1732,0.222,1.005,-0.001955
CACZAJ,S4,0.8114702187071503,0.7546124272353584,0.17592072,0.12267942,0.99999994,0.0,0.0976,0.1294,1.003,-0.01704
PMOXMB,T4,0.2841101356778798,0.3675738378583246,0.17536594,0.2462282,1.0,0.0,0.164,0.2476,1.011,-0.01575
PMOXMB,T2,0.4861167953934592,0.4763813587130163,0.3119759,0.43190667,1.0,0.0,0.3198,0.4502,1.012,-0.00639
PMOXMB,S3,0.2401020247816696,0.2061289282496541,0.19436134,0.23967025,1.0,0.0,0.1902,0.2445,1.024,-0.01348
PMOXMB,S1,0.3475129477042297,0.3733484000749553,0.20681685,0.30482885,1.0,0.0,0.1729,0.2454,1.012,-0.01822
PMOXMB,T3,0.277662277423762,0.2352909569030783,0.17301479,0.24041538,1.0000001,0.0,0.1763,0.2408,1.014,-0.01559
PMOXMB,S2,0.3605802298308145,0.2855509644569723,0.20824079,0.30414125,1.0,0.0,0.1665,0.2532,1.018,-0.01614
PMOXMB,T1,0.4868349894354575,0.400987710365641,0.3109052,0.43257982,1.0,0.0,0.3284,0.4526,1.03,-0.01148
PMOXMB,S4,0.1739878750202474,0.3636343006350211,0.1979991,0.24078076,1.0,0.0,0.1785,0.2427,1.011,-0.02095
QEZBIG,T4,0.3929527950304189,0.2413188407752862,0.40954533,0.374332,1.0000001,0.0,0.3494,0.2457,1.001,-4.137e-05
QEZBIG,T2,1.0294541080676047,0.8476563120241599,0.34018573,0.7681573,0.99999994,0.0,0.43,0.7866,1.002,-0.0009017
QEZBIG,S3,1.2466715317735089,0.8147234251046525,0.3127848,0.8237432,1.0,0.0,0.263,0.5986,0.999,-0.0002754
QEZBIG,S1,0.3421439116804858,0.2749767609334646,0.4441083,0.57118386,1.0000001,0.0,0.447,0.5347,0.9995,-0.001856
QEZBIG,T3,0.925346410821363,0.7718329613823435,0.38054618,0.72587204,0.99999994,0.0,0.303,0.667,1.002,-0.001087
QEZBIG,S2,0.9357845420035484,1.118617831756026,0.2718577,0.45717147,1.0000001,0.0,0.3179,0.779,1.006,-0.008354
QEZBIG,T1,0.327082338191437,0.2388165786664076,0.45256817,0.5833642,0.99999994,0.0,0.469,0.563,1.01,-0.0003169
QEZBIG,S4,0.5519724254487576,0.4290338360866239,0.298864,0.36750206,0.9999999,0.0,0.3042,0.1938,1.003,-0.004715
POJHOO,T4,0.3289032331320059,0.2583377910033135,0.33379382,0.25590613,0.99999994,0.0,0.2751,0.2434,1.002,-0.00495
POJHOO,T2,0.8964339027922034,0.8177761690701514,0.41806412,0.70869267,1.0,0.0,0.368,0.6426,1.001,-0.001254
POJHOO,S3,1.3891790907372306,1.3807134710832885,0.21991044,0.25360382,0.99999994,0.0,0.2294,0.2369,1.0,-0.002457
POJHOO,S1,0.9699638577379812,0.9117447208311512,0.4026053,0.7034658,0.99999994,0.0,0.3843,0.6655,1.002,-0.00121
POJHOO,T3,0.1917506188565485,0.4199419169758485,0.2335862,0.24294652,0.99999994,0.0,0.2241,0.2537,1.006,-0.00437
POJHOO,S2,0.4335250897508648,0.6011035529463612,0.20123354,0.18462738,0.99999994,0.0,0.1893,0.1913,1.005,-0.006466
POJHOO,T1,0.6071464538788374,0.5195863211602414,0.21527882,0.27674678,1.0,0.0,0.1971,0.2556,1.013,-0.001925
POJHOO,S4,3.174203650529987,0.4277452499399445,0.234677,0.4145653,0.99999994,0.0,0.213,0.2415,1.004,-0.003853
BOTTIQ,T4,0.8859023957511714,0.5729361000627712,0.44470626,0.3580475,1.0,0.0,0.2241,0.2905,1.01,-0.0318
BOTTIQ,T2,0.348815366087306,0.5425144885648246,0.48957226,0.64176095,1.0,0.0,0.445,0.649,1.009,-0.01654
BOTTIQ,S3,0.3559365816666999,0.7083861899404711,0.54196113,0.67554444,0.9999999,0.0,0.4817,0.488,1.007,-0.005714
BOTTIQ,S1,0.2881398849422042,0.1474111473350701,0.50642055,0.6358993,0.9999997,0.0,0.4067,0.5205,1.012,-0.006207
BOTTIQ,T3,0.3568347874599099,0.2214741662017509,0.54272693,0.67889434,1.0,0.0,0.4807,0.5034,1.004,-0.00587
BOTTIQ,S2,0.3512689572639044,0.6474439643905463,0.4840551,0.6389083,1.0,0.0,0.4893,0.6367,1.037,-0.04608
BOTTIQ,T1,0.3044041064475739,0.3833214492240894,0.51018465,0.6454428,1.0,0.0,0.461,0.6113,1.016,-0.013596
BOTTIQ,S4,1.8321438942497144,0.5359960598458604,0.34136805,0.22673443,1.0,0.0,0.31,0.2415,1.062,-0.03427
HAQDIP,T4,1.8911524468482868e-06,0.1968173609517173,0.13137436,0.10535385,1.0,0.0,0.139,0.154,1.002,-0.004456
HAQDIP,T2,2.9905486568645115e-05,0.3093834446038226,0.14007315,0.11233457,1.0,0.0,0.177,0.1427,1.005,-0.01508
HAQDIP,S3,4.868631979680375e-05,0.3833806826881006,0.08155792,0.09819754,0.9999999,0.0,0.167,0.1351,1.003,-0.0081
HAQDIP,S1,8.025799480034726e-05,0.2450908230532076,0.065776534,0.078030325,1.0,0.0,0.1092,0.1652,1.003,-0.008156
HAQDIP,T3,8.342663622846887e-05,0.22450941673573,0.14328788,0.1150837,0.99999994,0.0,0.1406,0.1067,1.0,-0.007133
HAQDIP,S2,4.539660111587376e-05,0.3315958957691653,0.084633216,0.105757855,1.0,0.0,0.119,0.1495,1.02,-0.03217
HAQDIP,T1,2.707514065053052e-05,0.2597273774053388,0.12724814,0.10196986,1.0,0.0,0.1385,0.11066,1.0205,-0.01441
HAQDIP,S4,0.0001382600934813,0.1599284114508883,0.0647106,0.0815092,1.0,0.0,0.09064,0.079,1.003,-0.04544
GUZSAW,T4,0.4223407957692477,0.4182825659688043,0.32863447,0.39236835,1.0,0.0,0.33,0.4053,1.006,-0.01497
GUZSAW,T2,0.5792650731264674,0.6178977789146809,0.32937786,0.46139452,1.0,0.0,0.33,0.4648,1.004,-0.004654
GUZSAW,S3,0.930674326581774,1.075893438993066,0.13894674,0.21442516,1.0,0.0,0.1368,0.2091,1.006,-0.003515
GUZSAW,S1,0.6809435514261598,0.6579483764685798,0.32485393,0.47106016,0.9999999,0.0,0.3242,0.4568,1.003,-0.005283
GUZSAW,T3,0.5849955216555504,0.5386603202521886,0.19496469,0.28701708,1.0,0.0,0.2029,0.2993,1.003,-0.00491
GUZSAW,S2,0.4792778691853201,0.5128505621593851,0.32091078,0.3945894,0.99999994,0.0,0.3171,0.4026,1.01,-0.01314
GUZSAW,T1,0.5967842221439416,0.431071260365355,0.34286797,0.47346622,1.0,0.0,0.3457,0.4658,1.015,-0.0044
GUZSAW,S4,1.7956770540565414,1.666243417718629,0.20276904,0.28535932,1.0,0.0,0.1948,0.309,1.005,-0.00861
HUBLOI,T4,0.6387925516269424,0.993155177394351,0.24761121,0.38236323,0.9999999,0.0,0.153,0.2551,1.002,-0.004112
HUBLOI,T2,1.1021172136877648,0.9056949373751836,0.24057095,0.6387632,1.0,0.0,0.2194,0.609,1.011,-0.002752
HUBLOI,S3,1.697635967543972,0.8241666078807277,0.12991922,0.17735386,1.0,0.0,0.1266,0.259,1.004,-0.0006204
HUBLOI,S1,1.8576944772460249,1.5907645124013183,0.12426665,0.1739994,1.0,0.0,0.1338,0.2059,1.002,-0.001878
HUBLOI,T3,1.5334403678545798,0.5751514428320698,0.11630865,0.16084519,1.0000001,0.0,0.2122,0.2428,1.004,-0.002705
HUBLOI,S2,1.3125295784117483,0.8901825610007527,0.2249452,0.64603776,1.0000001,0.0,0.1906,0.4868,1.007,-0.0007625
HUBLOI,T1,0.9230323429938336,1.144424049843093,0.1454491,0.27369854,1.0000001,0.0,0.152,0.2576,1.022,-0.002031
HUBLOI,S4,3.500067345340808,2.182000532874798,0.13905136,0.21325201,1.0,0.0,0.1495,0.227,1.006,-0.00619
SOBLIG,T4,0.5447983099708288,1.3251409507489027,0.5037067,0.6597405,0.9999999,0.0,0.1871,0.3462,1.019,-0.0388
SOBLIG,T2,0.2448913736084608,0.2848797242326085,0.41273054,0.43531466,0.99999994,0.0,0.4077,0.42,1.066,-0.05518
SOBLIG,S3,0.904001004948076,1.5639617572953035,0.46336427,0.397355,0.99999994,0.0,0.2262,0.4395,1.039,-0.0633
SOBLIG,S1,0.3010138674070988,0.264777516444327,0.55284005,0.65033096,1.0,0.0,0.54,0.651,1.03,-0.015015
SOBLIG,T3,1.3139147135038065,0.1012719367039348,0.29280284,0.69920486,0.9999999,0.0,0.2062,0.2913,1.016,-0.01561
SOBLIG,S2,1.426619161000693,0.9581492971424224,0.28049183,0.7006818,1.0,0.0,0.3518,0.8003,1.046,-0.09375
SOBLIG,T1,0.3102167939762024,0.2693129671429473,0.55348843,0.6582013,1.0,0.0,0.595,0.6807,1.073,-0.03412
SOBLIG,S4,1.0385594255073518,0.8041704802404384,0.33750036,0.61703813,0.99999994,0.0,0.4724,0.5376,1.129,-0.1508
CAGXUG,T4,0.0015056617597536,0.0262660632680741,0.115616664,0.12505127,1.0000001,0.0,0.1208,0.1249,0.9995,-0.00289
CAGXUG,T2,2.706274674412097e-05,0.0052329336813392,0.12264953,0.1204155,0.9999999,0.0,0.1327,0.1193,1.001,-0.002542
CAGXUG,S3,0.0017994305733113,0.0473886401084712,0.0829873,0.092482716,1.0,0.0,0.1059,0.1061,1.0,-0.0007176
CAGXUG,S1,2.514398078677784e-05,0.0040584028361622,0.1458402,0.15146844,0.9999998,0.0,0.1461,0.1377,1.0,0.0
CAGXUG,T3,0.0016043957401094,0.0520837787580736,0.11549544,0.121039316,1.0,0.0,0.11633,0.1257,1.001,-0.001938
CAGXUG,S2,0.0016551520285347,0.0513606851635241,0.08572744,0.09165141,1.0,0.0,0.0958,0.1172,1.003,-0.00193
CAGXUG,T1,3.0734234544969974e-05,0.0070091991109196,0.20124282,0.21694103,1.0,0.0,0.214,0.2177,1.002,-0.001987
CAGXUG,S4,0.0513449092439312,0.0449400902126654,0.24866195,0.19270901,1.0,0.0,0.2615,0.2524,1.0,-0.00197
COZBOL,T4,0.1255974239989478,0.1576928218824027,0.1820765,0.19691421,1.0,0.0,0.207,0.221,1.0,-0.001435
COZBOL,T2,0.4771201323087998,0.1611833922155564,0.2896622,0.16519088,1.0,0.0,0.26,0.2028,0.9995,-0.0003169
COZBOL,S3,1.0854973605044718,0.746770608566253,0.27781168,0.47273657,1.0,0.0,0.1313,0.3137,1.0,0.0
COZBOL,S1,0.4159121352455955,0.507535820537143,0.34658447,0.42201054,1.0,0.0,0.3325,0.3894,1.002,0.0
COZBOL,T3,0.6071388922273079,0.3949231647756002,0.17313309,0.15950496,0.99999994,0.0,0.181,0.2021,1.002,0.0
COZBOL,S2,0.7161379409608927,1.090866798405847,0.22941516,0.19213794,0.9999999,0.0,0.1774,0.3328,1.003,-0.002405
COZBOL,T1,0.2637366488302052,0.2150910190603389,0.39112252,0.39952782,0.99999994,0.0,0.362,0.322,1.002,-4.76e-05
COZBOL,S4,0.377369985398534,0.36668589818788,0.15723634,0.16026859,0.9999999,0.0,0.11786,0.1757,1.002,-0.0001289
WACJUF,T4,0.0245664841466809,0.0232705464428035,0.22529362,0.2023412,1.0,0.0,0.24,0.1978,1.001,0.0
WACJUF,T2,0.272832001444442,0.3205997882631284,0.25007504,0.34345424,1.0,0.0,0.2544,0.3567,0.999,0.0
WACJUF,S3,0.196716882724082,0.0916513944775337,0.24358423,0.20068432,1.0,0.0,0.2522,0.1908,1.004,0.0
WACJUF,S1,0.2227693579442382,0.2132528641337048,0.24924214,0.32069793,1.0,0.0,0.2527,0.3293,0.9985,0.0
WACJUF,T3,0.1792904455173056,0.1327504792463624,0.24695371,0.31181473,0.99999994,0.0,0.2363,0.2659,1.001,-0.003736
WACJUF,S2,0.1179033523642578,0.2523336311096031,0.24759886,0.27992874,1.0,0.0,0.249,0.302,1.001,-0.00535
WACJUF,T1,0.1358652107744196,0.1073258611410288,0.25038767,0.22292587,0.99999994,0.0,0.2651,0.2305,1.004,0.0
WACJUF,S4,0.1232227969276662,0.2444441096510088,0.23344508,0.17536892,1.0000001,0.0,0.231,0.183,1.0,0.0
CIGHEF,T4,0.0437462176115522,0.0414500500506446,0.26355967,0.28137475,1.0,0.0,0.2194,0.2275,1.001,-1.764e-05
CIGHEF,T2,0.0254781828307352,0.2889310365676664,0.15727109,0.15563363,0.99999994,0.0,0.1564,0.1543,1.001,0.0
CIGHEF,S3,1.312002440425544,1.0530394020253668,0.17375119,0.6243034,1.0,0.0,0.171,0.387,1.0,-8.58e-05
CIGHEF,S1,0.7453417259995091,0.8244225201716574,0.16612785,0.22626138,1.0000001,0.0,0.169,0.2083,1.001,0.0
CIGHEF,T3,0.4451481679407396,0.0988690523049149,0.26951358,0.19536549,0.9999998,0.0,0.2522,0.201,1.0,-0.0001886
CIGHEF,S2,0.3880068003316294,0.3967990796606817,0.19418621,0.13722332,0.99999994,0.0,0.1908,0.1519,1.001,-0.000689
CIGHEF,T1,0.1476330100907624,0.0552115931948428,0.26151568,0.28709096,1.0,0.0,0.2964,0.2864,1.002,0.0
CIGHEF,S4,0.3516837901558944,0.9303244491477172,0.15030724,0.14388512,0.99999994,0.0,0.135,0.3145,1.001,0.0
OWAHOK,T4,0.0442608247863588,0.0416730865099364,0.20763235,0.1985108,1.0,0.0,0.196,0.174,1.005,-0.006615
OWAHOK,T2,0.0044572717774718,0.5168185145580108,0.18586789,0.18780912,1.0,0.0,0.4148,0.3132,1.0,-0.00689
OWAHOK,S3,0.554994140448588,1.151558444923303,0.33615085,0.5049173,1.0,0.0,0.3481,0.564,1.001,-0.002558
OWAHOK,S1,1.0545118218906333,0.8848034023077579,0.41375616,0.43265882,1.0,0.0,0.3828,0.4272,1.002,-0.001791
OWAHOK,T3,1.0584169383709892,0.2433620687596157,0.4168368,0.4393066,1.0,0.0,0.1772,0.1405,1.001,-0.00428
OWAHOK,S2,0.0400747195942203,0.2822850428753761,0.17007987,0.16738398,1.0,0.0,0.1353,0.1332,1.007,-0.01668
OWAHOK,T1,0.5950492287086327,0.1365846418254775,0.4275444,0.35201705,0.99999994,0.0,0.1892,0.1896,1.013,-0.01073
OWAHOK,S4,0.5568398051319542,1.3939442896524443,0.28335485,0.40278038,0.99999994,0.0,0.1393,0.3828,1.001,-0.00845
TADRAT,T4,1.99358011584562,1.6032652993897432,0.15098305,0.29660127,1.0000001,0.0,0.106,0.1982,1.001,-0.0017395
TADRAT,T2,1.9103138387127607,1.8894114114590168,0.1389164,0.29815397,1.0,0.0,0.12354,0.1472,1.0,-0.0003417
TADRAT,S3,2.1209157979511715,2.494763339647931,0.14945416,0.32087496,1.0,0.0,0.1206,0.141,1.006,-6.74e-06
TADRAT,S1,2.6183782178177064,2.3676157065533454,0.15099569,0.20345038,0.9999999,0.0,0.1555,0.2318,1.002,-0.00012183
TADRAT,T3,0.9859046421783542,1.5014092906642895,0.14610295,0.13006838,1.0,0.0,0.11084,0.1837,1.001,-0.00038
TADRAT,S2,1.9330860510169705,2.5991208938644914,0.14762959,0.24364491,1.0,0.0,0.1415,0.2092,1.002,-0.002195
TADRAT,T1,1.6087936334817077,0.1136301093710895,0.13713287,0.13882107,1.0000001,0.0,0.1501,0.1469,1.011,0.0
TADRAT,S4,2.721444904665506,1.902610206897242,0.13811634,0.28501517,1.0,0.0,0.1231,0.2014,1.011,-0.00284
SURYAG,T4,0.4820655251317075,0.4693670829370979,0.25106543,0.26206377,0.9999999,0.0,0.1982,0.2443,1.012,-0.0473
SURYAG,T2,0.3263757049214813,0.344338841848103,0.21841083,0.22312999,1.0,0.0,0.2256,0.2338,1.021,-0.0264
SURYAG,S3,0.3997418625542791,0.4428301256912326,0.2269001,0.18791576,0.99999976,0.0,0.2249,0.3044,1.024,-0.0397
SURYAG,S1,0.3321913920173832,0.5538217730373237,0.16568828,0.19708885,0.9999999,0.0,0.1434,0.1876,1.01,-0.02081
SURYAG,T3,0.1280808948267002,0.2660420565647004,0.20906723,0.19651142,0.99999994,0.0,0.1659,0.19,1.014,-0.02803
SURYAG,S2,0.5291679476707495,0.3511769635896317,0.23096213,0.2024519,0.9999998,0.0,0.1957,0.1898,1.029,-0.04297
SURYAG,T1,0.1013004138295289,0.2379938375471164,0.20137098,0.21287192,0.9999999,0.0,0.234,0.2457,1.055,-0.02795
SURYAG,S4,0.8727685981534488,0.3950408109045954,0.2405052,0.36924666,1.0,0.0,0.2427,0.1721,1.021,-0.0591
JITHIG,T4,0.7500067302852772,0.350462148072276,0.292597,0.18849833,1.0000001,0.0,0.1733,0.2063,1.002,-0.006958
JITHIG,T2,0.3027221864857642,0.1069503297487647,0.18429434,0.1723164,1.0000001,0.0,0.1556,0.1569,1.001,-0.003265
JITHIG,S3,0.1620733024177196,0.5479915928863786,0.18328743,0.18321733,1.0,0.0,0.161,0.2827,1.003,-0.002209
JITHIG,S1,1.904217675469301,1.7761477329535371,0.19637349,0.29127428,0.99999994,0.0,0.2096,0.331,1.001,-0.000838
JITHIG,T3,0.6159780404314369,0.856294932785337,0.23093016,0.2928492,1.0,0.0,0.2072,0.211,1.002,-0.0008864
JITHIG,S2,1.342464102843767,1.161877604310977,0.19743103,0.27522668,0.9999999,0.0,0.162,0.2888,1.004,-0.00314
JITHIG,T1,0.5652263801396827,0.7738545961555651,0.19357842,0.20090306,1.0,0.0,0.1989,0.1931,1.013,-0.002874
JITHIG,S4,0.8824213669990082,0.5229578603843685,0.124870926,0.132115,1.0,0.0,0.1328,0.2349,1.003,-0.003641
EMORAA,T4,0.4303934101700378,0.6534656226883339,0.12733737,0.22629073,0.99999994,0.0,0.1798,0.2491,1.008,-0.01115
EMORAA,T2,0.2294794860284432,0.4293493345324183,0.1813183,0.15944192,0.99999994,0.0,0.2206,0.374,1.003,-0.001013
EMORAA,S3,0.5228098379451994,1.5177397809769246,0.15281826,0.20518318,1.0,0.0,0.0864,0.0947,1.003,-0.001825
EMORAA,S1,1.00965631442869,0.7872108427113335,0.38932818,0.655076,1.0,0.0,0.3704,0.6123,1.004,-0.00632
EMORAA,T3,0.2830913779334608,0.209003557125541,0.20312235,0.26793367,1.0,0.0,0.213,0.2544,1.004,-0.003067
EMORAA,S2,3.694879158999582,2.5265712212453466,0.23104276,0.18393637,0.99999994,0.0,0.2098,0.1476,1.008,-0.007195
EMORAA,T1,0.8606131937988277,0.5461258196158085,0.39584062,0.6500285,0.9999999,0.0,0.2031,0.2935,1.009,-0.000918
EMORAA,S4,1.0009977834487749,0.659054496405136,0.11761347,0.20021638,1.0,0.0,0.1236,0.1241,1.002,-0.007637
WIXRIF,T4,0.3613290213767596,0.2357229210058196,0.13053882,0.1422493,1.0,0.0,0.08777,0.0873,1.001,-0.005486
WIXRIF,T2,0.0561234265584231,0.2350576672081692,0.14732541,0.13266163,1.0,0.0,0.1276,0.1453,1.003,-0.001358
WIXRIF,S3,0.3048470562364551,0.2688646593304747,0.12278699,0.14421047,1.0000001,0.0,0.1681,0.1298,1.001,-0.0007863
WIXRIF,S1,0.6341474215627687,0.4089025640298167,0.1771704,0.175216,1.0,0.0,0.1924,0.2089,1.0,-0.0008326
WIXRIF,T3,0.886486822989686,0.3492320188778369,0.19390054,0.20704678,0.99999994,0.0,0.1803,0.1919,1.003,-0.001375
WIXRIF,S2,0.8945401153470431,0.4674022895157675,0.2759225,0.18223873,1.0,0.0,0.1127,0.1575,1.005,-0.005928
WIXRIF,T1,0.0938449351893734,0.2549345731080926,0.16021828,0.17699008,1.0000001,0.0,0.1749,0.1729,1.01,-0.00201
WIXRIF,S4,0.8438119296061408,1.0586922909474394,0.15609565,0.25459826,1.0,0.0,0.119,0.3098,1.002,-0.00822
HIYGUU,T4,0.0160341139327965,0.1297059186039594,0.09946126,0.10084582,0.99999994,0.0,0.126,0.1203,1.025,-0.04547
HIYGUU,T2,0.0150154017879008,0.2596780953241421,0.10349498,0.105249956,0.9999999,0.0,0.1519,0.1655,1.006,-0.01756
HIYGUU,S3,0.0217851462437185,0.1027139839774799,0.1417176,0.14303464,1.0,0.0,0.09064,0.10315,1.008,-0.03546
HIYGUU,S1,0.0137308079674251,0.1224269988506674,0.16966726,0.16848664,0.9999998,0.0,0.1382,0.1318,1.023,-0.02106
HIYGUU,T3,0.0283731010618699,0.2889578312941165,0.18591736,0.18445824,1.0,0.0,0.1427,0.1326,1.018,-0.01422
HIYGUU,S2,0.0226144709171299,0.0589936563244625,0.14255512,0.14069138,1.0,0.0,0.12,0.1198,1.036,-0.0404
HIYGUU,T1,0.0159386197791889,0.1117744700922636,0.0804014,0.08172175,1.0,0.0,0.1481,0.1593,1.029,-0.012054
HIYGUU,S4,0.0437287758750593,0.1557635656129433,0.16640793,0.16983174,1.0,0.0,0.145,0.1521,1.02,-0.03357
XEQJOS,T4,0.0463103227885697,0.2971792073093903,0.36699995,0.43054584,1.0000001,0.0,0.2905,0.2578,1.0,-0.000666
XEQJOS,T2,0.5544190785066394,0.5529205393739656,0.46270642,0.68776274,1.0,0.0,0.4265,0.6313,1.0,-0.0006
XEQJOS,S3,0.1144719462511612,0.2869005219255205,0.33436075,0.40907866,1.0000001,0.0,0.3281,0.4175,0.9995,-0.00357
XEQJOS,S1,0.5940819465390417,0.6324531999729858,0.47924024,0.7196397,0.9999999,0.0,0.47,0.718,1.0,-1.87e-05
XEQJOS,T3,0.073542579620002,0.1294940495726232,0.32593423,0.40231174,0.99999994,0.0,0.3772,0.457,1.002,-0.001857
XEQJOS,S2,0.1072121997032815,0.2140123043452396,0.31632715,0.39292005,1.0,0.0,0.3367,0.4312,1.002,-0.00853
XEQJOS,T1,0.0583179894864072,0.1771125492147242,0.36093286,0.42506656,0.99999994,0.0,0.3535,0.4517,1.004,-0.001421
XEQJOS,S4,0.1470178782777844,0.3719406422687902,0.36454695,0.43645057,1.0,0.0,0.3132,0.4214,1.0,-0.006264
HAVMIA,T4,1.0563029062421707,1.1828960335535563,0.36570835,0.28812915,1.0,0.0,0.3806,0.2651,1.0,-0.001276
HAVMIA,T2,0.5208162044362965,0.5166979437505983,0.41228494,0.35630226,1.0000001,0.0,0.4136,0.4106,1.002,-0.001959
HAVMIA,S3,1.1942222982971726,1.4180260506690354,0.3824619,0.25127164,1.0,0.0,0.398,0.3079,1.001,-0.001485
HAVMIA,S1,0.1603778789169148,0.1507468722836483,0.4343291,0.5472529,1.0,0.0,0.4426,0.5312,0.9985,-0.004
HAVMIA,T3,1.238573110108519,1.1599530293062448,0.35817635,0.4620877,0.9999999,0.0,0.3884,0.2742,0.9995,-0.001027
HAVMIA,S2,1.4040696379483235,1.4535744732258686,0.3691567,0.39915496,1.0,0.0,0.3857,0.3975,1.004,-0.005108
HAVMIA,T1,0.2163392381670991,0.1117946361488378,0.4394361,0.5728804,1.0,0.0,0.456,0.574,1.014,-0.003933
HAVMIA,S4,1.2236449160947191,1.5151551463896382,0.3897361,0.1342017,1.0,0.0,0.4053,0.1305,1.001,-0.00223
NIFHOA,T4,1.2699093379647506,0.53195454578618,0.3366959,0.5133047,1.0,0.0,0.228,0.3677,1.001,-0.008545
NIFHOA,T2,0.5353293528955102,0.4318330831131822,0.50027525,0.4656477,1.0,0.0,0.483,0.4653,1.002,-0.005844
NIFHOA,S3,0.6221641450289446,0.1567634677962039,0.21727769,0.45228013,0.99999994,0.0,0.3274,0.558,1.001,-0.0003018
NIFHOA,S1,0.6757646626102599,0.6847323904615075,0.4987042,0.76354575,1.0,0.0,0.502,0.758,1.003,-0.003643
NIFHOA,T3,0.5590524162487309,0.5286822351116279,0.41551167,0.6944617,1.0000001,0.0,0.4202,0.7188,1.001,-0.00734
NIFHOA,S2,0.4686877872796766,0.321619825384796,0.21183668,0.50346875,1.0000001,0.0,0.307,0.51,0.999,-9.49e-05
NIFHOA,T1,0.6559751272993147,0.6334964716725817,0.50032526,0.75618905,1.0000002,0.0,0.506,0.7534,1.015,-0.01746
NIFHOA,S4,0.7057547642053668,0.5677077438276049,0.41274542,0.68780583,1.0,0.0,0.1959,0.3157,0.999,-0.00493
TORDOU,T4,0.4185297635604006,0.2264652899875306,0.22938368,0.4693198,1.0,0.0,0.12415,0.09656,1.007,-0.00346
TORDOU,T2,0.0610018782196247,0.1523347215075388,0.13475361,0.13791412,1.0,0.0,0.0965,0.1438,1.002,0.0
TORDOU,S3,1.2384345535904415,0.2797314771835194,0.14889695,0.20647992,0.99999994,0.0,0.1005,0.2053,1.002,-0.000746
TORDOU,S1,0.3428237836256829,0.3614106491436939,0.16326201,0.18889311,0.9999999,0.0,0.1537,0.2058,1.001,-0.0002997
TORDOU,T3,0.363616594193131,0.0403042372537873,0.17127559,0.15229249,1.0,0.0,0.1198,0.1654,1.001,-0.001823
TORDOU,S2,0.3978122861333866,0.3417297902556629,0.1940566,0.37050754,1.0,0.0,0.1461,0.2107,1.001,-0.0002098
TORDOU,T1,0.312141449192744,0.2332089862571354,0.16576567,0.21270822,1.0000001,0.0,0.1726,0.223,1.002,-0.000124
TORDOU,S4,0.047331807568253,0.0234636153050079,0.10919316,0.23083776,1.0,0.0,0.08545,0.1715,1.001,-0.004013
UNUVAB,T4,0.9909656678696483,1.0001441293103983,0.24359988,0.5671563,1.0,0.0,0.2932,0.4966,1.0,-0.000508
UNUVAB,T2,0.2809654241577169,0.41562115853588,0.3782252,0.39732677,1.0,0.0,0.3682,0.3945,0.999,-1.94e-05
UNUVAB,S3,1.144126332084136,1.0600994103167365,0.27676934,0.58759576,0.9999998,0.0,0.2874,0.5356,1.001,0.0
UNUVAB,S1,0.3395129122341381,0.4182402674072728,0.43179065,0.5787724,1.0,0.0,0.415,0.5923,1.0,0.0
UNUVAB,T3,1.5283888548296878,1.3290729558521135,0.29325446,0.21206933,1.0,0.0,0.2983,0.3071,1.001,-0.001515
UNUVAB,S2,1.978149087255754,1.7455931162403897,0.3334668,0.26932392,0.99999994,0.0,0.3164,0.302,1.0,-0.001635
UNUVAB,T1,0.3509240211366146,0.3965389261666719,0.43850425,0.5968123,0.99999994,0.0,0.4324,0.6206,1.003,-0.0002295
UNUVAB,S4,1.0575644625042724,0.3865200195441488,0.18823352,0.18591215,1.0,0.0,0.1844,0.1628,1.0,0.0
ROMKEK,T4,0.8685932115671456,0.5875283420098438,0.22052808,0.26220375,1.0000001,0.0,0.2377,0.2402,1.001,-0.003275
ROMKEK,T2,0.4201496864645856,0.3644363707866936,0.20284809,0.29141858,1.0,0.0,0.1892,0.2634,1.004,-0.002449
ROMKEK,S3,1.2333466777247104,0.5878002044684648,0.30852512,0.70785344,1.0,0.0,0.1344,0.1783,1.003,-0.002695
ROMKEK,S1,0.9495268105345672,0.965525809604622,0.39170718,0.6907444,0.99999994,0.0,0.379,0.7163,1.001,-0.0001915
ROMKEK,T3,0.8523106841020452,0.6772361701088244,0.4038346,0.70025915,0.99999994,0.0,0.3938,0.704,1.007,-0.003876
ROMKEK,S2,0.8753402959660808,0.907552993496788,0.16522373,0.2141177,1.0,0.0,0.2476,0.652,1.004,-0.002401
ROMKEK,T1,0.2154499105600401,0.2157935379073318,0.42395642,0.35054693,0.99999994,0.0,0.4412,0.3608,1.001,-0.0267
ROMKEK,S4,0.996065200327875,0.5080314216047406,0.2626831,0.22733736,1.0,0.0,0.2742,0.2087,0.9995,-0.003895
YOVQIK,T4,0.522593199809934,0.5105640263322857,0.3015633,0.25664958,0.99999994,0.0,0.1652,0.1421,1.008,-0.0143
YOVQIK,T2,0.2012500573483823,0.3807864594518659,0.2492687,0.22589111,1.0,0.0,0.2227,0.2125,1.0,-0.00426
YOVQIK,S3,0.1400514345507672,0.2927847366090395,0.26558447,0.3379399,0.9999999,0.0,0.2319,0.374,1.006,-0.01121
YOVQIK,S1,1.2027597882232368,0.9681036506702992,0.28152332,0.38714492,1.0,0.0,0.2893,0.358,1.005,-0.006355
YOVQIK,T3,1.028936059191965,0.4927527373961364,0.30957368,0.32950744,1.0000001,0.0,0.2448,0.2295,1.013,-0.01025
YOVQIK,S2,0.6723095519932731,0.54958531220613,0.17719272,0.17991255,0.99999994,0.0,0.1781,0.2065,1.018,-0.01342
YOVQIK,T1,0.2569089969176477,0.1136225371058848,0.17788154,0.19981363,0.9999999,0.0,0.1827,0.1937,1.035,-0.01386
YOVQIK,S4,0.2988639638795698,0.2249943935447607,0.19807737,0.18049681,1.0,0.0,0.1987,0.2015,1.012,-0.02344
WUYQAJ,T4,0.0529949129910895,0.4022368367204597,0.18817878,0.17299782,1.0000001,0.0,0.2117,0.4194,1.001,-0.0006332
WUYQAJ,T2,0.4005423711306039,0.2070844342044178,0.20895836,0.44132453,1.0,0.0,0.2297,0.174,1.0,-3.6e-05
WUYQAJ,S3,0.3420107997956503,0.3867968548457413,0.25002003,0.20035638,1.0,0.0,0.1827,0.1772,1.002,-3.85e-05
WUYQAJ,S1,0.8740266583034519,0.8982805745374121,0.3252484,0.61862594,0.99999994,0.0,0.2837,0.6387,1.004,-0.0001895
WUYQAJ,T3,0.1333460254542545,0.3723927062501239,0.14271271,0.19715533,1.0,0.0,0.1625,0.3174,1.002,0.0
WUYQAJ,S2,0.7141600580460036,0.7835948065399967,0.35945162,0.6176085,1.0,0.0,0.3213,0.588,1.001,-0.002022
WUYQAJ,T1,0.0728143211805322,0.1027051154435029,0.21726422,0.23059368,0.99999994,0.0,0.1969,0.2184,1.003,-0.000669
WUYQAJ,S4,0.7840019515971188,0.4104746505795132,0.27515462,0.63499254,1.0,0.0,0.2275,0.4133,1.002,0.0
ZARPAM,T4,0.6587807499221494,0.6517592417593823,0.11277194,0.13668856,0.99999994,0.0,0.1403,0.1903,1.0,-0.001311
ZARPAM,T2,0.8756417612602714,0.9090432536378744,0.19946145,0.36815813,1.0,0.0,0.1906,0.347,1.001,-0.000549
ZARPAM,S3,0.9504681079451608,0.7509375966356133,0.20826368,0.42343262,1.0,0.0,0.1995,0.396,1.0,-0.001525
ZARPAM,S1,0.8715824766761874,0.8513158170237751,0.19088216,0.36812562,1.0,0.0,0.1865,0.3738,1.002,-0.002567
ZARPAM,T3,0.3379193212349984,0.45834684699077,0.18723409,0.3276706,1.0,0.0,0.2007,0.344,1.002,-0.001887
ZARPAM,S2,1.5988369163831255,1.7436167228042765,0.16658486,0.36079222,1.0,0.0,0.1588,0.3467,1.006,-0.00504
ZARPAM,T1,0.7518019381069445,0.5483383025478318,0.20036829,0.3523743,1.0000001,0.0,0.1967,0.3584,1.009,0.0
ZARPAM,S4,2.054659435942888,1.4126394051780595,0.12338632,0.14376853,1.0,0.0,0.1222,0.1523,1.001,-0.003963
BELPAL,T4,0.6791289212065506,0.6408011984613956,0.3258581,0.6517493,1.0,0.0,0.3557,0.6187,1.009,-0.005795
BELPAL,T2,0.366325861112704,0.2610297682273258,0.2742967,0.29437962,0.99999994,0.0,0.1975,0.2167,1.003,-0.002655
BELPAL,S3,0.7506047666185529,0.8564755282359443,0.29230013,0.60711855,1.0,0.0,0.2065,0.67,1.002,-0.002926
BELPAL,S1,1.4196328316850804,1.160835674723909,0.27293012,0.74598247,0.99999994,0.0,0.2488,0.6475,1.0,-0.0002037
BELPAL,T3,0.0182685500180553,0.127584132097834,0.21024026,0.22230788,1.0000001,0.0,0.1747,0.1797,1.002,-0.002275
BELPAL,S2,0.3871373826936007,0.388289392930246,0.19815996,0.21045202,0.99999994,0.0,0.1708,0.1902,1.005,-0.003252
BELPAL,T1,0.0746537904635678,0.1294733166721223,0.23249388,0.2723451,0.99999994,0.0,0.2411,0.2573,1.009,-0.00791
BELPAL,S4,0.8426373838119371,0.8196395810444104,0.26238167,0.60367596,1.0,0.0,0.2117,0.532,1.008,-0.005627
NOHRUZ,T4,1.0326263379909908,0.0728056822184437,0.41702548,0.67927927,0.9999999,0.0,0.1658,0.189,0.998,-0.007496
NOHRUZ,T2,0.782071181683075,0.158709352793927,0.22290817,0.2565639,1.0,0.0,0.197,0.2333,1.003,-0.001777
NOHRUZ,S3,1.98433348016962,1.1187538863933275,0.13670723,0.24016924,0.99999994,0.0,0.1489,0.1803,1.0,-0.005554
NOHRUZ,S1,0.3792841516537203,0.1027182260891577,0.21289758,0.25154412,0.9999999,0.0,0.2603,0.2632,1.002,-0.002453
NOHRUZ,T3,0.3549324791860515,0.3257325195794809,0.21099465,0.2235472,1.0,0.0,0.3145,0.4443,1.003,-0.004543
NOHRUZ,S2,1.1700030595273825,0.8950562302367703,0.3883387,0.6660959,1.0,0.0,0.3672,0.665,1.009,-0.01134
NOHRUZ,T1,0.1811155217104597,0.1348451835510669,0.26859838,0.25201145,1.0,0.0,0.285,0.2827,1.009,-0.00265
NOHRUZ,S4,1.5980906678198714,0.7335376972132837,0.22646084,0.16267467,1.0000001,0.0,0.1431,0.1304,1.001,-0.01439
WINJIN,T4,0.8307518102777794,1.0480651761116213,0.2828894,0.3179701,0.9999999,0.0,0.2742,0.3884,1.012,-0.03494
WINJIN,T2,0.0174125957987352,0.1867116572351418,0.4364039,0.43947488,0.99999994,0.0,0.4216,0.4163,1.003,-0.001328
WINJIN,S3,1.0718444001500107,0.4436801190591475,0.2979684,0.33590826,1.0,0.0,0.3054,0.2253,1.003,-0.011375
WINJIN,S1,1.287607399373761,1.172182890273355,0.28699994,0.69381934,1.0,0.0,0.28,0.6284,1.008,-0.01054
WINJIN,T3,1.203864807511822,0.961458823452214,0.31207758,0.6942153,0.9999999,0.0,0.2947,0.588,1.009,-0.01327
WINJIN,S2,1.2847929688659263,1.471380363533874,0.36423758,0.31795588,1.0,0.0,0.327,0.3904,1.0205,-0.03333
WINJIN,T1,0.2155351985988926,0.2797355884431231,0.403038,0.44704512,0.9999999,0.0,0.4006,0.4426,1.0205,-0.01435
WINJIN,S4,0.9528430134460316,0.9270580051822348,0.35512945,0.35623854,1.0,0.0,0.336,0.1498,1.019,-0.01379
CONNUO,T4,0.3737121972377312,0.2683095175411155,0.5153476,0.65521246,1.0,0.0,0.4116,0.535,1.002,-0.008255
CONNUO,T2,0.2764947907424276,0.5214068568758723,0.15939924,0.17230116,1.0,0.0,0.1793,0.1671,1.004,-0.002548
CONNUO,S3,0.3667091229716386,0.3307912128917566,0.5136323,0.6318087,0.99999994,0.0,0.4436,0.5933,1.004,-0.002943
CONNUO,S1,1.392460672744945,1.2263837436199594,0.2572431,0.15879016,1.0,0.0,0.2402,0.1475,1.006,-0.001188
CONNUO,T3,0.7588152073874619,0.4110591932366357,0.41454405,0.61587906,1.0000001,0.0,0.353,0.505,1.007,-0.0141
CONNUO,S2,0.8006425977656796,0.7510551808472229,0.39974374,0.60309315,0.99999994,0.0,0.4136,0.6567,1.007,-0.01764
CONNUO,T1,0.9772157922680998,0.7755404621156976,0.181123,0.17384472,1.0,0.0,0.1837,0.1942,1.012,-0.00413
CONNUO,S4,3.246898318156413,1.4050953410029683,0.46755883,0.20909493,0.9999999,0.0,0.1658,0.1742,1.005,-0.01794
RUMMOC,T4,0.0363205994264124,0.5088483573747025,0.22135295,0.23157683,1.0,0.0,0.1964,0.43,1.003,-0.000843
RUMMOC,T2,0.0330435432944001,0.0540296111381891,0.14208263,0.1528617,1.0,0.0,0.08154,0.0853,1.001,-0.002468
RUMMOC,S3,0.7777709061660144,0.4506206337211664,0.29711327,0.633354,0.99999994,0.0,0.1661,0.4592,1.002,-0.00208
RUMMOC,S1,0.7904939415955877,0.4380087125350628,0.29468477,0.61490256,0.99999994,0.0,0.1827,0.2979,1.007,-0.00144
RUMMOC,T3,0.6535283031161089,0.4194224033632651,0.3240397,0.66039306,1.0,0.0,0.1646,0.3398,1.003,-0.0004206
RUMMOC,S2,0.7639166592047912,0.4634407460213385,0.2934985,0.6343088,0.99999994,0.0,0.1947,0.494,1.008,-0.00975
RUMMOC,T1,0.0282648072856466,0.0961714160472356,0.15150331,0.15812789,1.0,0.0,0.1686,0.1573,1.019,-0.01883
RUMMOC,S4,0.9045718867852444,0.142506969970311,0.27156082,0.5901916,1.0,0.0,0.12256,0.2856,1.006,-0.006847
QALSUU,T4,0.0319192811762914,0.1092856543030917,0.20372593,0.21489918,0.99999994,0.0,0.2172,0.2158,1.009,-0.00672
QALSUU,T2,0.0305337948684629,0.2250164831223962,0.19371733,0.19627282,1.0,0.0,0.1633,0.1598,1.007,-0.003302
QALSUU,S3,0.5741757881011094,0.4335267105717761,0.48204452,0.7192829,0.9999998,0.0,0.382,0.5464,1.003,-0.00254
QALSUU,S1,0.359156499254804,0.3487127078239957,0.52679145,0.64049685,1.0,0.0,0.515,0.632,1.01,-0.00468
QALSUU,T3,0.0900546972344198,0.0638176369517449,0.23201491,0.24870144,1.0000001,0.0,0.2285,0.2659,1.005,-0.004906
QALSUU,S2,0.0639949102329955,0.2757396579017153,0.17020403,0.15561897,0.99999994,0.0,0.1765,0.175,1.007,-0.00923
QALSUU,T1,0.3439210027597779,0.2896845499461158,0.49886367,0.6150342,1.0,0.0,0.4048,0.5527,1.013,-0.0004227
QALSUU,S4,0.7628873495399016,0.676703570192264,0.39853624,0.6452478,0.9999999,0.0,0.2145,0.512,1.0,-0.00614
VOQZAD,T4,0.6158473106033043,0.1407343838894119,0.5051703,0.8096001,1.0,0.0,0.11536,0.1547,1.0,-0.001468
VOQZAD,T2,0.0660420519502402,0.245225716728782,0.15502961,0.14495338,1.0000001,0.0,0.1609,0.166,1.0,-0.003733
VOQZAD,S3,0.1247124007267202,0.1651077004914508,0.17443885,0.15228121,0.99999994,0.0,0.1329,0.1176,1.001,-0.00475
VOQZAD,S1,0.6464029124623408,0.3562676630947326,0.50656724,0.81923753,1.0,0.0,0.451,0.7056,1.001,-0.0002599
VOQZAD,T3,0.2353694343686448,0.0935195477061713,0.2367296,0.23094478,0.9999999,0.0,0.1582,0.209,1.0,-0.0006332
VOQZAD,S2,0.5179993475867103,0.2080770848603286,0.15475963,0.15079151,1.0,0.0,0.11664,0.156,1.002,-0.006374
VOQZAD,T1,0.0966421993965003,0.0918998094150215,0.16293092,0.15907179,1.0,0.0,0.1582,0.1498,1.005,-0.001107
VOQZAD,S4,0.6596755419179376,0.5508462523280498,0.41397467,0.6649782,1.0,0.0,0.3457,0.5537,1.002,-0.006435
BUNGEZ,T4,0.0662052674769324,0.2105913204567537,0.19180511,0.19292854,1.0,0.0,0.1837,0.1968,1.002,-0.003677
BUNGEZ,T2,0.0265531052131379,0.0843564488264611,0.16890922,0.1731642,0.99999994,0.0,0.1644,0.168,1.004,-0.005013
BUNGEZ,S3,0.5917592418429506,0.7393449704955664,0.49155524,0.72394145,0.9999999,0.0,0.4248,0.6646,1.001,-0.003798
BUNGEZ,S1,0.1124506867331101,0.0320316106733491,0.14351973,0.114072785,1.0,0.0,0.1097,0.09766,1.003,-0.002869
BUNGEZ,T3,0.0916620909631046,0.0870826131297865,0.18044373,0.17941889,1.0,0.0,0.1652,0.1726,1.002,-0.00502
BUNGEZ,S2,0.0647390789788795,0.1265256852009568,0.12704504,0.11974032,1.0,0.0,0.10516,0.1031,1.01,-0.00999
BUNGEZ,T1,0.1057834650705177,0.0979275549040598,0.21672879,0.20297144,0.99999994,0.0,0.2239,0.2025,1.009,-0.006268
BUNGEZ,S4,0.3107982878258128,0.4487347125865972,0.1713764,0.13571207,1.0,0.0,0.1826,0.1199,1.005,-0.00666
SOPCIM,T4,0.2052036907599955,0.2232614384209772,0.18968351,0.19293675,1.0,0.0,0.1989,0.201,1.005,-0.005993
SOPCIM,T2,1.0259971375825676,1.050376481624205,0.33512276,0.6300966,1.0000002,0.0,0.3257,0.5933,1.004,-0.001096
SOPCIM,S3,0.552102455045927,1.771827665217572,0.19782238,0.1562823,1.0000001,0.0,0.2006,0.1637,1.01,-0.00494
SOPCIM,S1,1.230218837567775,1.17192619695073,0.32408887,0.6259199,0.9999999,0.0,0.327,0.618,1.004,-0.007744
SOPCIM,T3,0.9666208634170484,0.8018036996585034,0.30982897,0.2397487,0.99999994,0.0,0.2573,0.236,0.9995,-0.004963
SOPCIM,S2,4.1100192385317085,3.4054750203176885,0.24726704,0.26305464,1.0,0.0,0.2617,0.282,1.006,-0.00949
SOPCIM,T1,0.2257563609948458,0.1863179893099235,0.28473225,0.3356214,1.0,0.0,0.2605,0.3123,1.023,-0.01394
SOPCIM,S4,1.102233384522435,1.1013899577128998,0.19158095,0.19209696,1.0000001,0.0,0.1552,0.4023,1.01,-0.01371
HEJDEH,T4,0.2116438458849923,0.641520922634592,0.11786729,0.18250623,1.0,0.0,0.1214,0.175,1.003,-0.00837
HEJDEH,T2,1.1702690925861354,1.0659427448006888,0.15878771,0.15002553,1.0,0.0,0.1473,0.149,1.004,-0.00355
HEJDEH,S3,0.430139955006215,0.9866062803900596,0.12591752,0.21175231,1.0,0.0,0.1093,0.186,1.005,-0.006115
HEJDEH,S1,2.6577802174153144,2.320068203292692,0.13009468,0.115039006,1.0000001,0.0,0.1445,0.1394,1.004,-0.001854
HEJDEH,T3,0.5503043589055947,0.2666314461621967,0.14727476,0.17588428,0.99999994,0.0,0.1272,0.1624,1.002,-8.875e-05
HEJDEH,S2,0.986969579027274,0.0992001668234555,0.22893195,0.39756456,1.0,0.0,0.1482,0.2644,1.011,-0.00602
HEJDEH,T1,1.2293442419221978,0.967992423848481,0.16705547,0.20012815,1.0000001,0.0,0.1719,0.1975,1.016,-0.00149
HEJDEH,S4,1.949177661609509,0.485571641288716,0.08269893,0.16951022,1.0,0.0,0.074,0.2234,1.005,-0.00837
FALBUQ,T4,0.292666233956935,0.2642295979155685,0.16648974,0.27903858,0.9999999,0.0,0.1552,0.266,1.007,-0.01123
FALBUQ,T2,0.0254063523816909,0.0529423726103632,0.18104681,0.18281358,0.9999999,0.0,0.18,0.1846,1.008,-0.00414
FALBUQ,S3,0.0589737528486196,0.235771476591447,0.16625942,0.16811031,0.9999999,0.0,0.1498,0.1598,1.003,-0.011246
FALBUQ,S1,0.7096274170670499,0.8050242338408986,0.3896105,0.6709767,0.9999999,0.0,0.3774,0.6846,1.004,-0.003048
FALBUQ,T3,0.0520860893524357,0.0982943339284266,0.46048954,0.5030258,1.0,0.0,0.477,0.4814,1.019,-0.01802
FALBUQ,S2,0.042513903265097,0.1877718382665158,0.16453719,0.16657156,1.0,0.0,0.1388,0.1505,1.012,-0.015434
FALBUQ,T1,0.0216064438954373,0.0687595214618096,0.19744776,0.19908448,0.99999994,0.0,0.2114,0.2101,1.023,-0.010345
FALBUQ,S4,0.4475655466749306,0.4152018500152812,0.49048653,0.693336,1.0000001,0.0,0.4966,0.7026,1.029,-0.01924
AKIWOG,T4,0.2076419102310651,0.1409490538466046,0.30673677,0.36357722,1.0,0.0,0.2402,0.3008,1.002,-0.002441
AKIWOG,T2,0.5460270901317251,0.2852729456622822,0.26138067,0.20741786,0.99999994,0.0,0.2487,0.2184,1.001,-0.0006666
AKIWOG,S3,0.8673485974562622,0.4471451583927854,0.24700642,0.5796482,1.0,0.0,0.2847,0.5596,1.0,-0.001488
AKIWOG,S1,0.4954617356329909,0.3738909403641862,0.23251785,0.14865716,1.0,0.0,0.2415,0.1611,1.002,-0.0004168
AKIWOG,T3,0.0840817306337252,0.0953092363837192,0.21857926,0.23171072,1.0,0.0,0.2247,0.2236,1.0,-0.00144
AKIWOG,S2,0.1792669772525413,0.1015623740782937,0.23932745,0.28525504,0.99999994,0.0,0.2046,0.291,1.001,-0.002968
AKIWOG,T1,0.1090569370621974,0.1185408166602584,0.20784497,0.16566576,1.0,0.0,0.2205,0.1725,1.006,-0.0010395
AKIWOG,S4,2.319889271108809,0.5996415688088793,0.25653955,0.47879037,0.99999994,0.0,0.1788,0.2257,1.0,-0.0006967
UXUBAR,T4,0.5110108745281192,0.2693921521801907,0.15094604,0.12009154,0.9999999,0.0,0.1251,0.11676,1.0205,-0.0443
UXUBAR,T2,0.4229150758009827,0.6657057306759434,0.21104164,0.2437443,1.0,0.0,0.1836,0.251,1.023,-0.02277
UXUBAR,S3,0.5411984229558912,0.8645997716797993,0.15800968,0.12967603,0.99999994,0.0,0.1437,0.143,1.041,-0.04712
UXUBAR,S1,0.7187229184723501,0.6319879059628442,0.24856077,0.6608563,1.0,0.0,0.2524,0.614,1.014,-0.014946
UXUBAR,T3,0.6882841938425635,0.5154246863436053,0.26932436,0.66643304,1.0000001,0.0,0.2742,0.63,1.029,-0.02934
UXUBAR,S2,0.9288594778011876,1.5240558587534103,0.15425557,0.15043008,0.99999994,0.0,0.1775,0.159,1.036,-0.0242
UXUBAR,T1,0.6422238007733869,0.7126320953965994,0.21402507,0.25109273,1.0000001,0.0,0.2213,0.2488,1.054,-0.01942
UXUBAR,S4,0.726252518837172,0.3661131358743644,0.15055662,0.15844582,1.0,0.0,0.1593,0.1396,1.024,-0.0519
KIXMUA,T4,0.186030445280577,0.0210008026351724,0.07141497,0.06909164,1.0,0.0,0.0874,0.0766,1.004,-0.02034
KIXMUA,T2,0.1183266242302928,0.1793785833088832,0.08031573,0.08031493,1.0,0.0,0.0858,0.07355,1.011,-0.00928
KIXMUA,S3,0.6558663138550195,0.2712399665083714,0.07945525,0.06609795,0.99999994,0.0,0.0704,0.06476,1.018,-0.01294
KIXMUA,S1,0.1726138335454811,0.2522742003642725,0.08181782,0.07149667,1.0,0.0,0.0929,0.09406,1.007,-0.01651
KIXMUA,T3,0.0991480527648561,0.2766186194678509,0.07508266,0.079176486,1.0,0.0,0.0591,0.0675,1.004,-0.00683
KIXMUA,S2,1.4612732160267914,0.1351805481120758,0.09168571,0.07069086,0.99999994,0.0,0.0678,0.0807,1.025,-0.01414
KIXMUA,T1,0.0181282738620933,0.065161974402181,0.09960147,0.0948881,1.0,0.0,0.10614,0.093,1.029,-0.0055
KIXMUA,S4,1.4890864975964444,0.5347320437900361,0.06472641,0.07495663,1.0,0.0,0.074,0.05527,1.015,-0.03745
